Date,Solutions
2025-01-01,64
2025-01-02,109
2025-01-03,47
2025-01-04,103
2025-01-05,83
2025-01-06,24
2025-01-07,188
2025-01-08,79
2025-01-09,127
2025-01-10,77
2025-01-11,74
2025-01-12,60
2025-01-13,129
2025-01-14,88
2025-01-15,87
2025-01-16,70
2025-01-17,133
2025-01-18,69
2025-01-19,104
2025-01-20,195
2025-01-21,104
2025-01-22,78
2025-01-23,188
2025-01-24,48
2025-01-25,216
2025-01-26,84
2025-01-27,85
2025-01-28,145
2025-01-29,74
2025-01-30,119
2025-01-31,170
2025-02-01,73
2025-02-02,45
2025-02-03,22
2025-02-04,41
2025-02-05,49
2025-02-06,27
2025-02-07,88
2025-02-08,48
2025-02-09,32
2025-02-10,47
2025-02-11,26
2025-02-12,31
2025-02-13,59
2025-02-14,31
2025-02-15,28
2025-02-16,26
2025-02-17,55
2025-02-18,35
2025-02-19,45
2025-02-20,67
2025-02-21,29
2025-02-22,25
2025-02-23,81
2025-02-24,21
2025-02-25,78
2025-02-26,63
2025-02-27,47
2025-02-28,81
2025-03-01,17
2025-03-02,24
2025-03-03,39
2025-03-04,57
2025-03-05,32
2025-03-06,16
2025-03-07,86
2025-03-08,66
2025-03-09,71
2025-03-10,27
2025-03-11,40
2025-03-12,40
2025-03-13,53
2025-03-14,44
2025-03-15,39
2025-03-16,30
2025-03-17,60
2025-03-18,22
2025-03-19,52
2025-03-20,61
2025-03-21,29
2025-03-22,29
2025-03-23,92
2025-03-24,24
2025-03-25,61
2025-03-26,72
2025-03-27,49
2025-03-28,80
2025-03-29,49
2025-03-30,18
2025-03-31,107
2025-04-01,55
2025-04-02,49
2025-04-03,78
2025-04-04,56
2025-04-05,63
2025-04-06,8
2025-04-07,104
2025-04-08,111
2025-04-09,52
2025-04-10,88
2025-04-11,68
2025-04-12,47
2025-04-13,63
2025-04-14,62
2025-04-15,59
2025-04-16,61
2025-04-17,62
2025-04-18,41
2025-04-19,52
2025-04-20,123
2025-04-21,76
2025-04-22,49
2025-04-23,145
2025-04-24,26
2025-04-25,116
2025-04-26,81
2025-04-27,68
2025-04-28,140
2025-04-29,84
2025-04-30,52
2025-05-01,57
2025-05-02,62
2025-05-03,32
2025-05-04,47
2025-05-05,56
2025-05-06,23
2025-05-07,116
2025-05-08,42
2025-05-09,33
2025-05-10,48
2025-05-11,51
2025-05-12,23
2025-05-13,77
2025-05-14,53
2025-05-15,56
2025-05-16,43
2025-05-17,67
2025-05-18,36
2025-05-19,46
2025-05-20,62
2025-05-21,36
2025-05-22,16
2025-05-23,87
2025-05-24,14
2025-05-25,101
2025-05-26,53
2025-05-27,47
2025-05-28,130
2025-05-29,66
2025-05-30,79
2025-05-31,87
2025-06-01,56
2025-06-02,49
2025-06-03,54
2025-06-04,48
2025-06-05,50
2025-06-06,24
2025-06-07,191
2025-06-08,85
2025-06-09,52
2025-06-10,44
2025-06-11,78
2025-06-12,45
2025-06-13,44
2025-06-14,61
2025-06-15,57
2025-06-16,38
2025-06-17,75
2025-06-18,42
2025-06-19,86
2025-06-20,114
2025-06-21,57
2025-06-22,35
2025-06-23,102
2025-06-24,31
2025-06-25,150
2025-06-26,73
2025-06-27,73
2025-06-28,163
2025-06-29,57
2025-06-30,39
2025-07-01,99
2025-07-02,19
2025-07-03,27
2025-07-04,70
2025-07-05,34
2025-07-06,12
2025-07-07,125
2025-07-08,63
2025-07-09,72
2025-07-10,40
2025-07-11,43
2025-07-12,37
2025-07-13,70
2025-07-14,48
2025-07-15,28
2025-07-16,40
2025-07-17,109
2025-07-18,43
2025-07-19,61
2025-07-20,108
2025-07-21,52
2025-07-22,24
2025-07-23,78
2025-07-24,22
2025-07-25,97
2025-07-26,38
2025-07-27,68
2025-07-28,133
2025-07-29,42
2025-07-30,51
2025-07-31,82
2025-08-01,68
2025-08-02,85
2025-08-03,40
2025-08-04,94
2025-08-05,76
2025-08-06,44
2025-08-07,172
2025-08-08,105
2025-08-09,88
2025-08-10,87
2025-08-11,57
2025-08-12,59
2025-08-13,120
2025-08-14,70
2025-08-15,72
2025-08-16,85
2025-08-17,107
2025-08-18,65
2025-08-19,100
2025-08-20,116
2025-08-21,53
2025-08-22,41
2025-08-23,129
2025-08-24,24
2025-08-25,161
2025-08-26,84
2025-08-27,111
2025-08-28,189
2025-08-29,82
2025-08-30,78
2025-08-31,151
2025-09-01,34
2025-09-02,18
2025-09-03,49
2025-09-04,38
2025-09-05,25
2025-09-06,27
2025-09-07,92
2025-09-08,50
2025-09-09,43
2025-09-10,51
2025-09-11,36
2025-09-12,20
2025-09-13,46
2025-09-14,21
2025-09-15,58
2025-09-16,42
2025-09-17,52
2025-09-18,34
2025-09-19,33
2025-09-20,70
2025-09-21,38
2025-09-22,29
2025-09-23,85
2025-09-24,24
2025-09-25,54
2025-09-26,48
2025-09-27,39
2025-09-28,78
2025-09-29,48
2025-09-30,36
2025-10-01,58
2025-10-02,34
2025-10-03,28
2025-10-04,59
2025-10-05,13
2025-10-06,7
2025-10-07,92
2025-10-08,50
2025-10-09,36
2025-10-10,59
2025-10-11,28
2025-10-12,16
2025-10-13,52
2025-10-14,54
2025-10-15,43
2025-10-16,26
2025-10-17,48
2025-10-18,26
2025-10-19,50
2025-10-20,67
2025-10-21,25
2025-10-22,27
2025-10-23,87
2025-10-24,22
2025-10-25,85
2025-10-26,36
2025-10-27,29
2025-10-28,95
2025-10-29,56
2025-10-30,29
2025-10-31,106
2025-11-01,82
2025-11-02,91
2025-11-03,75
2025-11-04,68
2025-11-05,178
2025-11-06,33
2025-11-07,179
2025-11-08,108
2025-11-09,72
2025-11-10,97
2025-11-11,102
2025-11-12,92
2025-11-13,78
2025-11-14,76
2025-11-15,67
2025-11-16,64
2025-11-17,115
2025-11-18,81
2025-11-19,82
2025-11-20,164
2025-11-21,104
2025-11-22,40
2025-11-23,101
2025-11-24,35
2025-11-25,155
2025-11-26,106
2025-11-27,86
2025-11-28,183
2025-11-29,85
2025-11-30,74
2025-12-01,26
2025-12-02,32
2025-12-03,67
2025-12-04,45
2025-12-05,32
2025-12-06,66
2025-12-07,125
2025-12-08,67
2025-12-09,73
2025-12-10,66
2025-12-11,44
2025-12-12,78
2025-12-13,99
2025-12-14,39
2025-12-15,81
2025-12-16,68
2025-12-17,82
2025-12-18,38
2025-12-19,59
2025-12-20,103
2025-12-21,44
2025-12-22,49
2025-12-23,115
2025-12-24,30
2025-12-25,92
2025-12-26,48
2025-12-27,71
2025-12-28,164
2025-12-29,54
2025-12-30,60
2025-12-31,77
